Name,Email,Mobile,Status,
Sarun Vikram,sarun.v@gmail.com,9642343380,Uploaded Successfully,
Harry Styles,harry.s@gmail.com,9.64234E+13,Uploaded Successfully,
,zayn.m@gmail.com,9642343382,Uploaded Successfully,
Virat Kohli,virat.k@gmail.com,9642343383,Uploaded Successfully,
Virat Kohli,virat.k@gmail.com,9642343383,Uploaded Successfully,
Marcus Rashford,marcus.r@gmail.com,9642343384,Uploaded Successfully,
Andreas perara,andreas.p@gmail.com,,Uploaded Successfully,
,,,,
,,,,
,,,,
,,,,
,,,,
,,,,
,,,,
,,,,
,,,, 
